method,keyframe_interval,history_compression,tasks,success_rate,avg_steps,avg_input_tokens,avg_output_tokens,avg_model_calls,avg_latency_ms,avg_end_to_end_ms,avg_cost_usd,compression_ratio,agent_error_rate,recovery_rate
full_context,1,state_summary,40,1.0,4.125,6061.8,178.175,4.125,329.695535356691,1371.928740023518,0.009359000000000001,1.0,0.012121212121212121,1.0
hybrid,4,state_summary,40,0.9,3.95,2877.225,154.425,3.575,253.45137755888578,991.1687156621332,0.005140781250000002,1.9161921864215326,0.0379746835443038,0.3333333333333333
pixel_delta,4,state_summary,40,0.75,3.775,2411.625,147.875,3.425,246.7870959574218,922.0783073832984,0.004493281250000001,2.082491332596029,0.17880794701986755,0.6296296296296297
semantic_delta,4,state_summary,40,0.875,3.925,2699.875,153.375,3.55,249.78997702783357,971.9650786867251,0.004908593749999999,1.9856219041782697,0.10191082802547771,0.6875
